{
  "num_batches": 51,
  "mse_norm": 0.2110223530554304,
  "mae_norm": 0.3345363473190981,
  "mse_real": 0.10771661091084574,
  "mae_real": 0.23627593558208615,
  "smoothness_l2_step": 0.1410957627436694
}