{
  "num_batches": 51,
  "mse_norm": 0.1809634186473547,
  "mae_norm": 0.31279898215742674,
  "mse_real": 0.09284053012436512,
  "mae_real": 0.22041638429258384,
  "smoothness_l2_step": 0.1440079692824214
}