{
  "num_batches": 51,
  "mse_norm": 0.2854036262222365,
  "mae_norm": 0.4149592261688382,
  "mse_real": 0.14329512928630792,
  "mae_real": 0.29030950659630345,
  "smoothness_l2_step": 0.21698844082215252
}