{
  "num_batches": 45,
  "mse_norm": 0.2455500132507748,
  "mae_norm": 0.3586883922417959,
  "mse_real": 0.12762415491872364,
  "mae_real": 0.25470438765154946,
  "smoothness_l2_step": 0.09970085471868514
}