{
  "num_batches": 54,
  "mse_norm": 0.22317226755398292,
  "mae_norm": 0.3429553773668077,
  "mse_real": 0.11100453945497672,
  "mae_real": 0.23981370307781077,
  "smoothness_l2_step": 0.13792000207360144
}