{
  "num_batches": 51,
  "mse_norm": 0.2210232063251383,
  "mae_norm": 0.35073012639494505,
  "mse_real": 0.11219670623540878,
  "mae_real": 0.24612042190981845,
  "smoothness_l2_step": 0.14399219581893846
}