{
  "num_batches": 10,
  "mse_norm": 0.3447012811899185,
  "mae_norm": 0.4777101010084152,
  "mse_real": 0.16728429198265077,
  "mae_real": 0.3297229498624802,
  "smoothness_l2_step": 0.5471325993537903
}