{
  "num_batches": 51,
  "mse_norm": 0.12830356975980833,
  "mae_norm": 0.25021618633877996,
  "mse_real": 0.06533473861568115,
  "mae_real": 0.175766648469018,
  "smoothness_l2_step": 0.11865869222902785
}