{
  "num_batches": 51,
  "mse_norm": 0.14394581040330962,
  "mae_norm": 0.26620055063098086,
  "mse_real": 0.07381633099387674,
  "mae_real": 0.1875183000868442,
  "smoothness_l2_step": 0.12783554839152916
}