{
  "num_batches": 51,
  "mse_norm": 0.20746683343952776,
  "mae_norm": 0.33568450866961014,
  "mse_real": 0.10721432008579665,
  "mae_real": 0.23714047436620675,
  "smoothness_l2_step": 0.1426109507972119
}