{
  "num_batches": 51,
  "mse_norm": 0.18859516098803164,
  "mae_norm": 0.3179548832715726,
  "mse_real": 0.09435397561858683,
  "mae_real": 0.22237728448475108,
  "smoothness_l2_step": 0.1392381740551369
}