{
  "num_batches": 10,
  "mse_norm": 0.38268387615680693,
  "mae_norm": 0.4949954360723495,
  "mse_real": 0.19528612047433852,
  "mae_real": 0.34494456350803376,
  "smoothness_l2_step": 1.2904276490211486
}