{
  "num_batches": 51,
  "mse_norm": 0.2326054599355249,
  "mae_norm": 0.37520312912323894,
  "mse_real": 0.11479442888030819,
  "mae_real": 0.25976648634555294,
  "smoothness_l2_step": 0.33993009667770535
}