{
  "num_batches": 51,
  "mse_norm": 0.1977943602730246,
  "mae_norm": 0.32415654466432686,
  "mse_real": 0.10091390124723024,
  "mae_real": 0.22839706405705096,
  "smoothness_l2_step": 0.14161455382903418
}