{
  "num_batches": 53,
  "mse_norm": 0.1894091730410198,
  "mae_norm": 0.31704890812343023,
  "mse_real": 0.09681939453167736,
  "mae_real": 0.22298950631663483,
  "smoothness_l2_step": 0.14027911916656313
}