{
  "num_batches": 53,
  "mse_norm": 0.17899100250511799,
  "mae_norm": 0.3058838110487416,
  "mse_real": 0.09077527823875535,
  "mae_real": 0.2150479609955032,
  "smoothness_l2_step": 0.1442491225195381
}