{
  "num_batches": 53,
  "mse_norm": 0.21235357098421961,
  "mae_norm": 0.33621182616026896,
  "mse_real": 0.10703927081710887,
  "mae_real": 0.2358703357431124,
  "smoothness_l2_step": 0.14447636916390005
}