{
  "num_batches": 48,
  "mse_norm": 0.1909478511661291,
  "mae_norm": 0.31238548302402097,
  "mse_real": 0.09898554619091253,
  "mae_real": 0.22175220493227243,
  "smoothness_l2_step": 0.12826440126324692
}