{
  "num_batches": 54,
  "mse_norm": 0.20808336635430655,
  "mae_norm": 0.33311649991406334,
  "mse_real": 0.10374100161371408,
  "mae_real": 0.23293817236467643,
  "smoothness_l2_step": 0.14584120218124655
}