{
  "num_batches": 51,
  "mse_norm": 0.256620633835886,
  "mae_norm": 0.3772059760841669,
  "mse_real": 0.13060683713239782,
  "mae_real": 0.26541367143976924,
  "smoothness_l2_step": 0.12061094434237947
}