{
  "num_batches": 54,
  "mse_norm": 0.2038849095503489,
  "mae_norm": 0.3312845528125763,
  "mse_real": 0.10234275039423395,
  "mae_real": 0.23224932038121754,
  "smoothness_l2_step": 0.151207293694218
}