{
  "num_batches": 48,
  "mse_norm": 0.18629852589219809,
  "mae_norm": 0.30759743601083755,
  "mse_real": 0.09559039934538305,
  "mae_real": 0.21747247781604528,
  "smoothness_l2_step": 0.12554116221144795
}