{
  "num_batches": 10,
  "mse_norm": 0.4484284371137619,
  "mae_norm": 0.5320853471755982,
  "mse_real": 0.22858817726373673,
  "mae_real": 0.37138005495071413,
  "smoothness_l2_step": 1.0647047400474547
}