{
  "num_batches": 51,
  "mse_norm": 0.23668553227303074,
  "mae_norm": 0.38004424992729635,
  "mse_real": 0.12161622532442504,
  "mae_real": 0.26630908046282975,
  "smoothness_l2_step": 0.301816347767325
}