{
  "num_batches": 51,
  "mse_norm": 0.24429414523582832,
  "mae_norm": 0.3751660871739481,
  "mse_real": 0.12145197654471677,
  "mae_real": 0.261530315174776,
  "smoothness_l2_step": 0.15337415419372857
}