{
  "num_batches": 54,
  "mse_norm": 0.21671146044024714,
  "mae_norm": 0.34070442285802627,
  "mse_real": 0.11037742912217423,
  "mae_real": 0.23976287494103113,
  "smoothness_l2_step": 0.1485879754440652
}