{
  "num_batches": 57,
  "mse_norm": 0.08604848443677551,
  "mae_norm": 0.20245715714337534,
  "mse_real": 0.0423751072467942,
  "mae_real": 0.13949117613466164,
  "smoothness_l2_step": NaN
}