{
  "num_batches": 51,
  "mse_norm": 0.24213055156025232,
  "mae_norm": 0.37068918113614996,
  "mse_real": 0.12307473666527692,
  "mae_real": 0.2606567573897979,
  "smoothness_l2_step": 0.1299852420594178
}