{
  "num_batches": 57,
  "mse_norm": 0.08145068540123471,
  "mae_norm": 0.19191776608165942,
  "mse_real": 0.04009000855710423,
  "mae_real": 0.13179809194907807,
  "smoothness_l2_step": NaN
}