{
  "num_batches": 51,
  "mse_norm": 0.22775698847630443,
  "mae_norm": 0.3638306534757801,
  "mse_real": 0.11501129512109008,
  "mae_real": 0.254205694677783,
  "smoothness_l2_step": 0.16245519662020252
}