{
  "num_batches": 51,
  "mse_norm": 0.1998213100082734,
  "mae_norm": 0.32442375550083086,
  "mse_real": 0.10185515836757772,
  "mae_real": 0.22847683756959206,
  "smoothness_l2_step": 0.14200014285012788
}