{
  "num_batches": 45,
  "mse_norm": 0.21861404710345797,
  "mae_norm": 0.335805156826973,
  "mse_real": 0.1142376167078813,
  "mae_real": 0.23883967730734085,
  "smoothness_l2_step": 0.10401790721548929
}