{
  "num_batches": 51,
  "mse_norm": 0.18204281493729235,
  "mae_norm": 0.3121948087332295,
  "mse_real": 0.09314566989447556,
  "mae_real": 0.21987923103220322,
  "smoothness_l2_step": 0.14263010039633395
}