{
  "num_batches": 10,
  "mse_norm": 0.33023584485054014,
  "mae_norm": 0.4667566537857056,
  "mse_real": 0.16176969110965728,
  "mae_real": 0.3226915419101715,
  "smoothness_l2_step": 0.5141514837741852
}