{
  "num_batches": 53,
  "mse_norm": 0.23589549902475104,
  "mae_norm": 0.36257946547472253,
  "mse_real": 0.12101702729486069,
  "mae_real": 0.2552499225679434,
  "smoothness_l2_step": 0.14058391222695135
}