{
  "num_batches": 54,
  "mse_norm": 0.1213528213125688,
  "mae_norm": 0.2554180594506087,
  "mse_real": 0.06086644261247582,
  "mae_real": 0.17838106635544035,
  "smoothness_l2_step": 0.15202687128826423
}