{
  "num_batches": 10,
  "mse_norm": 0.3373529851436615,
  "mae_norm": 0.46691387295722964,
  "mse_real": 0.1640642210841179,
  "mae_real": 0.3215188354253769,
  "smoothness_l2_step": 0.761173152923584
}