{
  "num_batches": 54,
  "mse_norm": 0.11919460859563616,
  "mae_norm": 0.249277054435677,
  "mse_real": 0.060651757167997186,
  "mae_real": 0.1744531743504383,
  "smoothness_l2_step": 0.13772206463747555
}