{
  "num_batches": 51,
  "mse_norm": 0.29389146730011584,
  "mae_norm": 0.42192714003955617,
  "mse_real": 0.1474608720517626,
  "mae_real": 0.2952706352168438,
  "smoothness_l2_step": 0.21681521774507037
}