{
  "num_batches": 51,
  "mse_norm": 0.22727913161118826,
  "mae_norm": 0.3583195016664617,
  "mse_real": 0.1154316453372731,
  "mae_real": 0.2513880303093031,
  "smoothness_l2_step": 0.14633018391973832
}