{
  "num_batches": 51,
  "mse_norm": 0.21286742330766192,
  "mae_norm": 0.33879998443173426,
  "mse_real": 0.10670560598373413,
  "mae_real": 0.23749015816286498,
  "smoothness_l2_step": 0.14098172766320846
}